DEPT,GR
449.0,52.9853
450.0,52.9853
451.0,52.9853
452.0,52.9853
453.0,52.4122
454.0,46.3111
455.0,47.3623
456.0,48.6806
457.0,54.1734
458.0,56.1896
459.0,53.1063
460.0,50.4108
461.0,53.9857
462.0,54.7426
463.0,55.9535
464.0,57.2765
465.0,55.4268
466.0,53.6183
467.0,53.7829
468.0,60.8548
469.0,63.3013
470.0,62.9571
471.0,60.1966
472.0,58.7164
473.0,59.2196
474.0,55.8259
475.0,58.6883
476.0,59.8091
477.0,59.9562
478.0,61.7477
479.0,55.9714
480.0,55.3144
481.0,58.2612
482.0,59.0742
483.0,54.0802
484.0,58.7915
485.0,51.5037
486.0,52.4229
487.0,60.1408
488.0,60.7492
489.0,54.9727
490.0,53.9931
491.0,54.295
492.0,52.0163
493.0,53.2886
494.0,57.1829
495.0,52.5706
496.0,60.0296
497.0,53.948
498.0,48.9755
499.0,62.1424
500.0,53.9342
501.0,54.7064
502.0,63.3644
503.0,56.8254
504.0,53.1311
505.0,56.0654
506.0,57.3292
507.0,49.1573
508.0,54.1182
509.0,55.2455
510.0,54.2462
511.0,56.3231
512.0,64.3722
513.0,50.1073
514.0,48.6675
515.0,53.5121
516.0,52.5886
517.0,54.7144
518.0,51.4542
519.0,46.6983
520.0,54.2361
521.0,51.8646
522.0,44.5688
523.0,44.7856
524.0,52.7164
525.0,51.5077
526.0,54.735
527.0,48.9887
528.0,43.2318
529.0,43.1668
530.0,52.2304
531.0,46.8741
532.0,48.2557
533.0,50.1915
534.0,44.9754
535.0,51.1598
536.0,49.2715
537.0,72.3317
538.0,79.2077
539.0,76.3617
540.0,80.6181
541.0,80.0027
542.0,74.3028
543.0,83.1123
544.0,94.4262
545.0,90.0169
546.0,82.5543
547.0,84.7294
548.0,80.2945
549.0,87.9544
550.0,90.7136
551.0,94.8032
552.0,98.8942
553.0,97.0032
554.0,93.0734
555.0,100.8512
556.0,99.8245
557.0,90.6578
558.0,91.9001
559.0,98.126
560.0,87.432
561.0,88.051
562.0,98.4224
563.0,103.438
564.0,102.0276
565.0,95.3811
566.0,95.3355
567.0,97.7444
568.0,98.2463
569.0,99.8539
570.0,103.6973
571.0,94.2723
572.0,86.7868
573.0,93.9508
574.0,95.2132
575.0,98.5298
576.0,106.325
577.0,99.0054
578.0,99.8573
579.0,103.175
580.0,102.2259
581.0,94.6559
582.0,93.6916
583.0,99.8865
584.0,92.1017
585.0,88.4301
586.0,84.9841
587.0,92.6517
588.0,92.3386
589.0,99.6763
590.0,102.2595
591.0,98.8906
592.0,94.1045
593.0,100.1549
594.0,102.4662
595.0,100.5563
596.0,100.4967
597.0,93.3393
598.0,102.0884
599.0,95.9688
600.0,92.0892
601.0,91.6944
602.0,103.4659
603.0,106.4264
604.0,107.2574
605.0,101.418
606.0,92.069
607.0,95.4725
608.0,106.9477
609.0,104.7541
610.0,100.2968
611.0,109.3501
612.0,110.0165
613.0,100.3865
614.0,100.6222
615.0,107.9115
616.0,107.5656
617.0,103.5565
618.0,112.8983
619.0,100.1864
620.0,103.6131
621.0,112.1577
622.0,114.9482
623.0,100.9143
624.0,105.4663
625.0,113.8601
626.0,119.0321
627.0,110.7528
628.0,105.73
629.0,99.4057
630.0,113.9564
631.0,108.7568
632.0,106.9057
633.0,106.8703
634.0,104.2606
635.0,107.8727
636.0,114.1305
637.0,118.5903
638.0,113.5551
639.0,119.4732
640.0,112.981
641.0,110.1182
642.0,115.139
643.0,107.9636
644.0,102.8222
645.0,108.4859
646.0,115.0953
647.0,117.4435
648.0,120.0286
649.0,108.7552
650.0,106.8094
651.0,108.9288
652.0,104.2569
653.0,112.4777
654.0,120.2358
655.0,109.2236
656.0,110.0271
657.0,117.0645
658.0,114.89
659.0,108.3565
660.0,107.2371
661.0,115.48
662.0,109.3997
663.0,103.3507
664.0,106.4648
665.0,112.8056
666.0,104.5802
667.0,107.0237
668.0,102.0598
669.0,104.158
670.0,104.3573
671.0,110.8671
672.0,107.4891
673.0,105.8735
674.0,109.9106
675.0,110.517
676.0,105.6998
677.0,100.4991
678.0,94.561
679.0,99.9957
680.0,95.3597
681.0,96.9158
682.0,100.8242
683.0,91.6596
684.0,91.1901
685.0,96.301
686.0,96.0967
687.0,96.7292
688.0,99.3619
689.0,102.1449
690.0,94.2129
691.0,94.9091
692.0,97.5403
693.0,95.4193
694.0,94.0082
695.0,97.7708
696.0,100.0678
697.0,101.4692
698.0,104.2291
699.0,105.4208
700.0,101.0576
701.0,100.7047
702.0,99.394
703.0,91.8521
704.0,94.0319
705.0,91.8664
706.0,100.9471
707.0,98.9154
708.0,96.0303
709.0,94.8376
710.0,102.5645
711.0,94.8358
712.0,95.012
713.0,98.0234
714.0,98.6861
715.0,103.5301
716.0,97.8343
717.0,102.614
718.0,105.4732
719.0,98.7107
720.0,104.9446
721.0,109.1048
722.0,105.0216
723.0,98.7235
724.0,103.2408
725.0,99.8865
726.0,94.7451
727.0,99.5335
728.0,94.7464
729.0,101.1918
730.0,96.0113
731.0,93.3628
732.0,98.8289
733.0,103.0848
734.0,94.9426
735.0,95.2153
736.0,91.1033
737.0,103.4372
738.0,103.1968
739.0,96.2994
740.0,100.8548
741.0,101.6794
742.0,104.5572
743.0,103.3247
744.0,103.3986
745.0,112.6288
746.0,112.9221
747.0,103.3216
748.0,93.1217
749.0,94.3559
750.0,94.7641
751.0,97.1212
752.0,96.0048
753.0,92.5743
754.0,94.9205
755.0,97.6737
756.0,103.0574
757.0,90.3028
758.0,87.4032
759.0,100.5955
760.0,96.2443
761.0,95.3545
762.0,101.3368
763.0,94.3076
764.0,101.7329
765.0,101.4697
766.0,96.8036
767.0,91.8384
768.0,89.4887
769.0,92.3089
770.0,97.7108
771.0,94.6555
772.0,96.0667
773.0,94.043
774.0,92.5972
775.0,93.9198
776.0,94.4231
777.0,93.6765
778.0,101.3484
779.0,90.8587
780.0,102.6613
781.0,105.1651
782.0,97.0841
783.0,97.7615
784.0,96.4045
785.0,90.0075
786.0,94.8969
787.0,100.4434
788.0,99.7978
789.0,102.2942
790.0,96.096
791.0,103.5258
792.0,91.0881
793.0,97.1165
794.0,100.5535
795.0,96.5258
796.0,98.2604
797.0,97.6403
798.0,107.2808
799.0,104.6944
800.0,104.4286
801.0,101.4768
802.0,104.9049
803.0,108.6961
804.0,96.2789
805.0,87.6579
806.0,92.4453
807.0,98.2682
808.0,99.8998
809.0,94.208
810.0,89.2139
811.0,105.9601
812.0,92.4137
813.0,101.8558
814.0,105.9869
815.0,101.7035
816.0,94.2368
817.0,99.3797
818.0,108.4262
819.0,95.4192
820.0,98.638
821.0,100.1423
822.0,96.3524
823.0,96.8741
824.0,91.2123
825.0,98.6358
826.0,99.8764
827.0,97.129
828.0,97.6874
829.0,104.3553
830.0,97.9764
831.0,95.7304
832.0,93.2677
833.0,99.389
834.0,105.4297
835.0,106.4276
836.0,104.7174
837.0,99.936
838.0,97.992
839.0,98.5035
840.0,96.389
841.0,104.674
842.0,99.5675
843.0,96.7334
844.0,99.1683
845.0,101.9619
846.0,99.93
847.0,94.8542
848.0,100.1162
849.0,103.817
850.0,100.3892
851.0,99.8413
852.0,98.8271
853.0,99.5035
854.0,92.4822
855.0,98.0554
856.0,99.8997
857.0,91.1828
858.0,94.7363
859.0,97.5223
860.0,93.5335
861.0,99.2256
862.0,100.8763
863.0,96.9993
864.0,98.6718
865.0,95.659
866.0,100.2596
867.0,107.4865
868.0,98.0309
869.0,110.3992
870.0,110.6746
871.0,100.6801
872.0,100.2074
873.0,97.5345
874.0,100.1064
875.0,102.0516
876.0,99.8413
877.0,97.3228
878.0,95.7067
879.0,92.3531
880.0,90.7153
881.0,108.0776
882.0,112.3506
883.0,106.4001
884.0,102.367
885.0,104.0199
886.0,104.7827
887.0,114.3763
888.0,109.0726
889.0,113.6218
890.0,121.5983
891.0,109.5712
892.0,110.7697
893.0,96.743
894.0,98.6567
895.0,93.8088
896.0,90.9172
897.0,92.0642
898.0,85.0423
899.0,93.9749
900.0,103.0871
901.0,104.1006
902.0,107.4701
903.0,102.8734
904.0,100.5469
905.0,94.6493
906.0,94.8925
907.0,102.4127
908.0,96.8238
909.0,88.3871
910.0,91.7709
911.0,80.4601
912.0,79.9607
913.0,88.9199
914.0,96.4348
915.0,95.9779
916.0,91.2418
917.0,98.3415
918.0,95.3525
919.0,99.0547
920.0,102.485
921.0,98.2611
922.0,98.0346
923.0,95.4502
924.0,90.8706
925.0,94.4683
926.0,98.7886
927.0,94.8536
928.0,106.8307
929.0,102.7267
930.0,98.2129
931.0,111.5716
932.0,103.4909
933.0,103.0004
934.0,97.0084
935.0,103.0899
936.0,101.813
937.0,110.7472
938.0,105.3893
939.0,100.3184
940.0,97.2619
941.0,94.8906
942.0,99.6804
943.0,107.1968
944.0,99.3111
945.0,99.1431
946.0,111.7067
947.0,112.3612
948.0,107.1341
949.0,97.2875
950.0,104.7552
951.0,100.6345
952.0,106.1715
953.0,110.8054
954.0,101.7231
955.0,99.7003
956.0,106.6331
957.0,102.4276
958.0,101.4924
959.0,113.8774
960.0,115.7437
961.0,109.1907
962.0,99.3728
963.0,96.7924
964.0,106.6043
965.0,100.1064
966.0,101.698
967.0,108.8272
968.0,103.2564
969.0,102.1526
970.0,103.1417
971.0,102.4974
972.0,104.9595
973.0,102.868
974.0,105.8121
975.0,108.8283
976.0,122.2622
977.0,119.6772
978.0,113.5539
979.0,117.5639
980.0,113.7159
981.0,113.8179
982.0,106.8702
983.0,109.6327
984.0,116.1799
985.0,123.4657
986.0,110.946
987.0,123.7014
988.0,115.3469
989.0,110.5697
990.0,116.9907
991.0,115.5666
992.0,109.5569
993.0,107.284
994.0,112.6303
995.0,114.6824
996.0,108.2969
997.0,105.6942
998.0,112.1753
999.0,119.9169
1000.0,116.3424
1001.0,108.1351
1002.0,118.0656
1003.0,119.148
1004.0,118.3996
1005.0,111.3941
1006.0,108.0048
1007.0,110.6345
1008.0,113.1994
1009.0,113.0369
1010.0,117.8109
1011.0,108.8954
1012.0,115.9042
1013.0,111.4511
1014.0,104.4612
1015.0,113.5128
1016.0,105.3558
1017.0,110.3407
1018.0,111.3247
1019.0,108.1909
1020.0,110.9113
1021.0,114.3897
1022.0,114.0232
1023.0,110.5177
1024.0,99.6463
1025.0,97.0049
1026.0,99.402
1027.0,96.9766
1028.0,106.4062
1029.0,101.9049
1030.0,105.7538
1031.0,109.6474
1032.0,97.3803
1033.0,107.6228
1034.0,98.5888
1035.0,100.3465
1036.0,100.8412
1037.0,101.8755
1038.0,97.2939
1039.0,88.5657
1040.0,99.3788
1041.0,97.992
1042.0,99.6493
1043.0,93.7673
1044.0,92.2763
1045.0,91.3871
1046.0,95.8521
1047.0,101.985
1048.0,93.2395
1049.0,95.3623
1050.0,87.859
1051.0,94.5903
1052.0,102.0726
1053.0,102.5218
1054.0,107.4562
1055.0,107.1948
1056.0,104.186
1057.0,95.2366
1058.0,93.4092
1059.0,93.0681
1060.0,89.6616
1061.0,96.9932
1062.0,97.0569
1063.0,103.3574
1064.0,107.8742
1065.0,102.5813
1066.0,103.6094
1067.0,97.1988
1068.0,98.5249
1069.0,100.0783
1070.0,95.3495
1071.0,91.3871
1072.0,92.533
1073.0,94.4675
1074.0,94.9433
1075.0,96.5099
1076.0,90.4584
1077.0,94.443
1078.0,97.201
1079.0,99.3775
1080.0,95.0134
1081.0,96.2402
1082.0,104.203
1083.0,110.5756
1084.0,102.6591
1085.0,101.5795
1086.0,99.2267
1087.0,97.9396
1088.0,99.1136
1089.0,101.8521
1090.0,94.6259
1091.0,99.9059
1092.0,91.9722
1093.0,91.4467
1094.0,94.7911
1095.0,101.4054
1096.0,103.7836
1097.0,90.2243
1098.0,96.0991
1099.0,104.757
1100.0,94.6216
1101.0,96.3
1102.0,98.3448
1103.0,91.7984
1104.0,94.2669
1105.0,99.2819
1106.0,94.648
1107.0,88.8735
1108.0,88.0223
1109.0,98.2455
1110.0,95.2964
1111.0,91.6818
1112.0,89.7423
1113.0,97.0831
1114.0,90.5038
1115.0,91.2994
1116.0,96.6394
1117.0,94.0901
1118.0,105.068
1119.0,95.4409
1120.0,94.925
1121.0,93.2483
1122.0,98.4931
1123.0,97.5565
1124.0,101.1626
1125.0,96.534
1126.0,92.6287
1127.0,94.4201
1128.0,90.4601
1129.0,97.4092
1130.0,97.465
1131.0,93.4438
1132.0,89.4581
1133.0,94.9223
1134.0,90.6839
1135.0,92.234
1136.0,95.4128
1137.0,109.5987
1138.0,112.6168
1139.0,98.4673
1140.0,99.006
1141.0,104.9999
1142.0,100.5379
1143.0,99.2566
1144.0,102.4585
1145.0,98.2624
1146.0,91.6194
1147.0,96.8808
1148.0,101.4559
1149.0,103.2016
1150.0,98.379
1151.0,98.9372
1152.0,89.742
1153.0,88.2141
1154.0,96.7303
1155.0,99.1431
1156.0,91.7969
1157.0,89.2244
1158.0,98.1276
1159.0,94.5321
1160.0,95.7888
1161.0,96.2057
1162.0,100.6031
1163.0,98.4078
1164.0,97.082
1165.0,101.9344
1166.0,97.4237
1167.0,94.3841
1168.0,94.4979
1169.0,92.2691
1170.0,91.2385
1171.0,98.7024
1172.0,97.1536
1173.0,99.402
1174.0,98.76
1175.0,96.9103
1176.0,100.048
1177.0,97.7628
1178.0,91.8553
1179.0,90.8693
1180.0,90.1357
1181.0,91.6331
1182.0,100.0231
1183.0,106.4577
1184.0,97.3763
1185.0,94.2753
1186.0,101.0872
1187.0,103.777
1188.0,101.0819
1189.0,95.3192
1190.0,105.5476
1191.0,96.1749
1192.0,95.771
1193.0,105.2758
1194.0,101.7275
1195.0,102.9849
1196.0,102.5513
1197.0,104.4674
1198.0,103.7923
1199.0,110.9077
1200.0,99.7023
1201.0,101.3076
1202.0,96.7053
1203.0,105.231
1204.0,104.9533
1205.0,111.5676
1206.0,104.6005
1207.0,95.4128
1208.0,100.3773
1209.0,99.2116
1210.0,98.3892
1211.0,100.7885
1212.0,104.3905
1213.0,94.8247
1214.0,98.034
1215.0,101.031
1216.0,104.7678
1217.0,103.5792
1218.0,98.2246
1219.0,98.908
1220.0,103.2478
1221.0,100.9862
1222.0,100.8167
1223.0,102.4243
1224.0,102.2559
1225.0,99.9943
1226.0,101.7583
1227.0,102.8096
1228.0,111.1852
1229.0,109.9732
1230.0,111.0012
1231.0,102.3463
1232.0,93.9384
1233.0,104.4386
1234.0,103.9172
1235.0,93.6915
1236.0,100.1974
1237.0,103.9884
1238.0,108.8294
1239.0,95.2702
1240.0,92.9429
1241.0,99.6941
1242.0,101.1401
1243.0,104.4219
1244.0,98.6481
1245.0,92.1042
1246.0,94.0091
1247.0,94.0399
1248.0,98.1144
1249.0,103.9241
1250.0,107.6919
1251.0,104.3867
1252.0,101.7726
1253.0,110.6581
1254.0,108.6309
1255.0,102.8063
1256.0,102.1099
1257.0,104.7173
1258.0,105.4069
1259.0,100.818
1260.0,102.5193
1261.0,114.7697
1262.0,116.1223
1263.0,112.7326
1264.0,105.4873
1265.0,112.7899
1266.0,113.6123
1267.0,106.1342
1268.0,106.311
1269.0,109.5901
1270.0,109.306
1271.0,107.0191
1272.0,99.3503
1273.0,99.7867
1274.0,106.8859
1275.0,91.5947
1276.0,102.4347
1277.0,112.5324
1278.0,115.816
1279.0,114.1322
1280.0,108.7839
1281.0,108.1974
1282.0,104.5542
1283.0,94.796
1284.0,104.4312
1285.0,111.9978
1286.0,105.2522
1287.0,101.6766
1288.0,91.9524
1289.0,96.3504
1290.0,100.7525
1291.0,107.4864
1292.0,103.3422
1293.0,110.1496
1294.0,107.4767
1295.0,106.7229
1296.0,97.9617
1297.0,97.3811
1298.0,96.2292
1299.0,100.1783
1300.0,105.9432
1301.0,106.5173
1302.0,100.2234
1303.0,95.3525
1304.0,104.6849
1305.0,101.6686
1306.0,106.3975
1307.0,102.9568
1308.0,105.8677
1309.0,109.3355
1310.0,107.3891
1311.0,102.9612
1312.0,99.5911
1313.0,97.5808
1314.0,100.6406
1315.0,105.9499
1316.0,98.9369
1317.0,103.3442
1318.0,99.3414
1319.0,100.7893
1320.0,101.3538
1321.0,95.7999
1322.0,102.8427
1323.0,101.6075
1324.0,103.9316
1325.0,99.5845
1326.0,104.1431
1327.0,102.8492
1328.0,100.2067
1329.0,108.4183
1330.0,109.5425
1331.0,103.9816
1332.0,112.8321
1333.0,107.7791
1334.0,106.6371
1335.0,104.4632
1336.0,101.56
1337.0,103.8961
1338.0,104.314
1339.0,98.8448
1340.0,96.7732
1341.0,111.6266
1342.0,102.6371
1343.0,100.2526
1344.0,106.3694
1345.0,111.0013
1346.0,106.222
1347.0,106.091
1348.0,95.144
1349.0,94.707
1350.0,103.4903
1351.0,103.6591
1352.0,102.9324
1353.0,98.1535
1354.0,95.7608
1355.0,108.927
1356.0,113.7888
1357.0,108.1917
1358.0,105.063
1359.0,98.7896
1360.0,109.1508
1361.0,107.9854
1362.0,101.7077
1363.0,108.9339
1364.0,103.081
1365.0,98.6976
1366.0,94.8831
1367.0,101.3296
1368.0,101.6405
1369.0,102.5715
1370.0,105.9889
1371.0,101.721
1372.0,110.2228
1373.0,101.2286
1374.0,100.1346
1375.0,99.6715
1376.0,104.5308
1377.0,110.9091
1378.0,114.2007
1379.0,101.7583
1380.0,105.026
1381.0,101.7858
1382.0,102.6447
1383.0,103.2489
1384.0,98.3187
1385.0,111.4511
1386.0,104.1871
1387.0,93.5918
1388.0,109.012
1389.0,105.2465
1390.0,105.7538
1391.0,97.5527
1392.0,105.4029
1393.0,100.2019
1394.0,101.2686
1395.0,99.1391
1396.0,101.4637
1397.0,94.7035
1398.0,107.1629
1399.0,102.3829
1400.0,102.5584
1401.0,103.9146
1402.0,97.4977
1403.0,104.3998
1404.0,111.5382
1405.0,96.8297
1406.0,110.0923
1407.0,101.962
1408.0,98.6684
1409.0,106.1061
1410.0,104.8417
1411.0,112.0348
1412.0,102.2417
1413.0,97.4183
1414.0,96.9651
1415.0,103.6081
1416.0,105.4241
1417.0,101.1402
1418.0,100.6538
1419.0,102.0559
1420.0,105.6264
1421.0,100.3761
1422.0,102.6041
1423.0,100.7866
1424.0,92.1513
1425.0,92.8823
1426.0,105.9863
1427.0,114.2713
1428.0,103.6299
1429.0,93.6495
1430.0,100.7359
1431.0,100.973
1432.0,100.877
1433.0,102.7782
1434.0,105.6628
1435.0,101.4624
1436.0,95.0002
1437.0,95.7468
1438.0,98.299
1439.0,97.1707
1440.0,98.7005
1441.0,108.27
1442.0,100.1404
1443.0,99.891
1444.0,106.4062
1445.0,93.2731
1446.0,88.3689
1447.0,101.5458
1448.0,102.7857
1449.0,99.4919
1450.0,100.9922
1451.0,105.9595
1452.0,118.9124
1453.0,111.6462
1454.0,98.3482
1455.0,102.0457
1456.0,104.2263
1457.0,106.6252
1458.0,112.8091
1459.0,110.6301
1460.0,108.9558
1461.0,103.2782
1462.0,103.2277
1463.0,107.492
1464.0,99.4583
1465.0,95.7651
1466.0,98.7247
1467.0,107.2219
1468.0,104.2558
1469.0,110.4862
1470.0,117.0503
1471.0,113.2728
1472.0,100.1044
1473.0,94.7666
1474.0,101.0891
1475.0,100.4441
1476.0,107.897
1477.0,101.0218
1478.0,105.5388
1479.0,104.2544
1480.0,98.1823
1481.0,95.8598
1482.0,89.6939
1483.0,100.8435
1484.0,110.4828
1485.0,97.2921
1486.0,98.4629
1487.0,107.074
1488.0,98.6442
1489.0,98.1977
1490.0,110.1298
1491.0,111.1788
1492.0,103.1374
1493.0,101.1108
1494.0,104.3471
1495.0,103.6432
1496.0,104.3134
1497.0,97.6382
1498.0,103.5506
1499.0,107.0657
1500.0,101.2041
1501.0,105.3695
1502.0,101.9627
1503.0,100.3987
1504.0,99.9938
1505.0,108.2723
1506.0,100.9427
1507.0,99.5619
1508.0,102.1626
1509.0,108.9866
1510.0,99.026
1511.0,100.3695
1512.0,104.0829
1513.0,106.6637
1514.0,114.8753
1515.0,104.6375
1516.0,100.8413
1517.0,99.1965
1518.0,104.4902
1519.0,102.4021
1520.0,103.8659
1521.0,100.2904
1522.0,116.7386
1523.0,106.5117
1524.0,105.6655
1525.0,100.6639
1526.0,104.3647
1527.0,102.4027
1528.0,107.8599
1529.0,109.2855
1530.0,112.0399
1531.0,107.1617
1532.0,102.2794
1533.0,98.9363
1534.0,97.0858
1535.0,101.6042
1536.0,102.4931
1537.0,111.2222
1538.0,101.2503
1539.0,105.1202
1540.0,95.883
1541.0,105.6881
1542.0,118.0311
1543.0,108.52
1544.0,105.0474
1545.0,103.4025
1546.0,104.8613
1547.0,106.8388
1548.0,106.7793
1549.0,109.5328
1550.0,110.6877
1551.0,108.0772
1552.0,111.9102
1553.0,108.8667
1554.0,111.5878
1555.0,115.2404
1556.0,114.507
1557.0,107.8004
1558.0,106.9302
1559.0,102.3424
1560.0,115.3762
1561.0,115.7695
1562.0,120.1029
1563.0,118.121
1564.0,112.6122
1565.0,109.0428
1566.0,104.9219
1567.0,107.3686
1568.0,115.3178
1569.0,117.4732
1570.0,111.5889
1571.0,120.6826
1572.0,127.9321
1573.0,120.3818
1574.0,106.9802
1575.0,117.2395
1576.0,112.4427
1577.0,118.0606
1578.0,116.8309
1579.0,119.4167
1580.0,123.3192
1581.0,117.9735
1582.0,114.6382
1583.0,116.2105
1584.0,112.9533
1585.0,115.4931
1586.0,120.4695
1587.0,126.2699
1588.0,125.6391
1589.0,127.3147
1590.0,117.5103
1591.0,112.7348
1592.0,118.2963
1593.0,119.5771
1594.0,120.7327
1595.0,122.849
1596.0,122.792
1597.0,120.4702
1598.0,108.9257
1599.0,110.4126
1600.0,119.7656
1601.0,117.5967
1602.0,113.4532
1603.0,115.2109
1604.0,118.2558
1605.0,121.0575
1606.0,115.2116
1607.0,109.8856
1608.0,120.647
1609.0,115.5223
1610.0,114.1253
1611.0,125.2279
1612.0,118.0221
1613.0,115.651
1614.0,120.4689
1615.0,123.1274
1616.0,114.2124
1617.0,119.8433
1618.0,113.3087
1619.0,111.2757
1620.0,109.0048
1621.0,114.566
1622.0,116.0641
1623.0,132.3333
1624.0,128.5146
1625.0,119.6511
1626.0,115.9639
1627.0,115.2391
1628.0,123.6931
1629.0,116.1729
1630.0,114.6106
1631.0,112.5161
1632.0,103.0131
1633.0,102.1106
1634.0,116.4605
1635.0,123.1443
1636.0,122.4543
1637.0,125.9375
1638.0,114.9497
1639.0,115.2411
1640.0,118.3986
1641.0,108.8373
1642.0,107.9593
1643.0,115.2725
1644.0,127.5066
1645.0,116.6434
1646.0,122.0794
1647.0,119.6491
1648.0,117.0397
1649.0,115.8925
1650.0,119.9411
1651.0,120.0726
1652.0,124.2299
1653.0,127.1507
1654.0,125.0529
1655.0,114.8901
1656.0,117.1511
1657.0,126.3283
1658.0,123.729
1659.0,110.9817
1660.0,112.2911
1661.0,118.826
1662.0,111.7349
1663.0,111.8918
1664.0,112.258
1665.0,107.6907
1666.0,116.111
1667.0,116.5336
1668.0,120.2242
1669.0,124.8455
1670.0,115.8007
1671.0,122.541
1672.0,126.9329
1673.0,125.4348
1674.0,127.1508
1675.0,126.58
1676.0,131.5145
1677.0,135.6378
1678.0,119.2058
1679.0,121.5119
1680.0,125.3745
1681.0,119.8233
1682.0,124.5823
1683.0,119.8119
1684.0,124.0288
1685.0,126.5506
1686.0,131.1427
1687.0,128.8122
1688.0,123.7929
1689.0,131.7066
1690.0,138.5646
1691.0,137.2432
1692.0,132.3796
1693.0,120.249
1694.0,112.3031
1695.0,103.8085
1696.0,113.0089
1697.0,113.7045
1698.0,120.6739
1699.0,118.8674
1700.0,115.5927
1701.0,110.8564
1702.0,110.0408
1703.0,117.3717
1704.0,117.5911
1705.0,121.0864
1706.0,125.0645
1707.0,127.1373
1708.0,128.9877
1709.0,122.9533
1710.0,116.7415
1711.0,121.4675
1712.0,123.3039
1713.0,119.8521
1714.0,127.0025
1715.0,122.4974
1716.0,116.535
1717.0,109.2478
1718.0,113.8639
1719.0,115.4755
1720.0,118.4896
1721.0,126.7555
1722.0,135.3435
1723.0,136.9191
1724.0,139.7406
1725.0,141.1202
1726.0,146.591
1727.0,137.1804
1728.0,139.1904
1729.0,137.185
1730.0,127.6226
1731.0,134.3949
1732.0,136.2337
1733.0,130.1349
1734.0,127.7417
1735.0,130.2233
1736.0,115.6111
1737.0,117.5328
1738.0,122.4522
1739.0,123.5543
1740.0,115.5358
1741.0,110.8049
1742.0,124.6847
1743.0,127.8431
1744.0,128.0652
1745.0,134.334
1746.0,125.4931
1747.0,136.6658
1748.0,147.3197
1749.0,139.1211
1750.0,130.1932
1751.0,136.022
1752.0,141.7966
1753.0,144.9798
1754.0,160.3912
1755.0,153.9565
1756.0,173.9929
1757.0,185.4536
1758.0,186.3292
1759.0,188.3454
1760.0,172.5237
1761.0,179.0966
1762.0,219.4257
1763.0,242.6421
1764.0,216.0075
1765.0,173.7285
1766.0,148.7569
1767.0,153.7253
1768.0,154.6638
1769.0,144.3837
1770.0,122.5443
1771.0,122.5269
1772.0,88.3343
1773.0,101.3352
1774.0,120.928
1775.0,119.2353
1776.0,121.7792
1777.0,135.4524
1778.0,134.348
1779.0,138.4504
1780.0,139.5946
1781.0,132.5257
1782.0,134.7786
1783.0,134.5724
1784.0,136.51
1785.0,137.841
1786.0,139.8866
1787.0,139.6177
1788.0,129.5203
1789.0,122.0714
1790.0,120.5738
1791.0,132.6435
1792.0,130.5055
1793.0,122.975
1794.0,118.2737
1795.0,122.7924
1796.0,131.9895
1797.0,127.3283
1798.0,122.2789
1799.0,126.9932
1800.0,126.4647
1801.0,130.2218
1802.0,136.7435
1803.0,132.2779
1804.0,137.8613
1805.0,131.6089
1806.0,133.018
1807.0,132.1493
1808.0,129.7876
1809.0,132.1026
1810.0,133.953
1811.0,136.9505
1812.0,135.8917
1813.0,136.3605
1814.0,127.4337
1815.0,121.4713
1816.0,126.9028
1817.0,127.299
1818.0,135.305
1819.0,127.4159
1820.0,124.9941
1821.0,130.8572
1822.0,130.1376
1823.0,127.7293
1824.0,139.8544
1825.0,131.0539
1826.0,131.4569
1827.0,135.9068
1828.0,130.7078
1829.0,127.5957
1830.0,134.4217
1831.0,128.5175
1832.0,128.4894
1833.0,128.1076
1834.0,128.3126
1835.0,134.7181
1836.0,140.0453
1837.0,140.7384
1838.0,140.3678
1839.0,135.9788
1840.0,128.1947
1841.0,122.2885
1842.0,127.1242
1843.0,137.4005
1844.0,125.9616
1845.0,128.4894
1846.0,138.0374
1847.0,145.1454
1848.0,138.684
1849.0,136.2939
1850.0,131.0787
1851.0,122.2653
1852.0,137.2699
1853.0,131.7795
1854.0,134.8252
1855.0,132.5756
1856.0,119.9997
1857.0,125.0504
1858.0,132.8189
1859.0,134.216
1860.0,137.8893
1861.0,143.5784
1862.0,139.4472
1863.0,131.3515
1864.0,134.8342
1865.0,142.9215
1866.0,147.2005
1867.0,144.5956
1868.0,133.9522
1869.0,131.927
1870.0,125.8598
1871.0,132.7208
1872.0,123.8071
1873.0,121.7032
1874.0,132.6898
1875.0,156.8386
1876.0,159.481
1877.0,136.0815
1878.0,134.8938
1879.0,135.166
1880.0,141.3237
1881.0,131.2807
1882.0,116.8155
1883.0,118.1822
1884.0,125.3143
1885.0,133.2477
1886.0,131.4281
1887.0,136.0344
1888.0,133.1778
1889.0,143.8232
1890.0,146.9328
1891.0,143.8521
1892.0,140.0923
1893.0,140.6219
1894.0,138.3884
1895.0,135.7547
1896.0,134.482
1897.0,134.4075
1898.0,134.6594
1899.0,141.2095
1900.0,138.7146
1901.0,135.8335
1902.0,139.5746
1903.0,137.3048
1904.0,133.8685
1905.0,144.5873
1906.0,148.7408
1907.0,154.8519
1908.0,172.0549
1909.0,166.0593
1910.0,156.5732
1911.0,145.2679
1912.0,144.7839
1913.0,140.3568
1914.0,146.0629
1915.0,144.4701
1916.0,140.1903
1917.0,134.8055
1918.0,139.7455
1919.0,138.9677
1920.0,125.0984
1921.0,128.4328
1922.0,130.7547
1923.0,133.4589
1924.0,127.613
1925.0,139.6399
1926.0,140.9984
1927.0,150.3352
1928.0,151.4025
1929.0,143.587
1930.0,128.8172
1931.0,128.563
1932.0,142.972
1933.0,132.6892
1934.0,121.486
1935.0,131.717
1936.0,140.2769
1937.0,143.266
1938.0,132.6459
1939.0,126.8158
1940.0,128.3441
1941.0,134.7278
1942.0,134.0708
1943.0,126.0947
1944.0,119.0912
1945.0,118.4788
1946.0,110.4597
1947.0,115.9327
1948.0,118.1221
1949.0,124.7603
1950.0,122.1751
1951.0,136.6302
1952.0,144.725
1953.0,127.3462
1954.0,117.4886
1955.0,117.7968
1956.0,115.4651
1957.0,106.5757
1958.0,103.9817
1959.0,110.0984
1960.0,136.3927
1961.0,137.5164
1962.0,125.7865
1963.0,125.2117
1964.0,115.8868
1965.0,108.1014
1966.0,112.567
1967.0,122.2919
1968.0,120.6895
1969.0,113.1269
1970.0,102.4559
1971.0,100.9648
1972.0,107.7222
1973.0,123.0251
1974.0,127.5792
1975.0,113.1925
1976.0,109.8857
1977.0,103.0791
1978.0,106.3904
1979.0,113.8032
1980.0,110.1266
1981.0,108.5947
1982.0,112.9577
1983.0,118.7989
1984.0,109.3687
1985.0,109.8647
1986.0,108.0082
1987.0,113.5957
1988.0,111.5383
1989.0,108.7722
1990.0,107.9657
1991.0,120.5312
1992.0,118.6231
1993.0,111.6006
1994.0,112.9654
1995.0,104.1078
1996.0,100.3775
1997.0,103.6581
1998.0,101.2883
1999.0,96.6406
2000.0,104.0863
2001.0,102.6398
2002.0,95.5845
2003.0,101.5955
2004.0,104.3141
2005.0,91.8263
2006.0,89.4491
2007.0,94.7144
2008.0,98.497
2009.0,96.8823
2010.0,103.0121
2011.0,104.9302
2012.0,101.2951
2013.0,98.1809
2014.0,102.6435
2015.0,104.5522
2016.0,95.6612
2017.0,103.4096
2018.0,105.9056
2019.0,109.2212
2020.0,106.2269
2021.0,99.0693
2022.0,100.6205
2023.0,101.8882
2024.0,106.4639
2025.0,103.8951
2026.0,104.4378
2027.0,97.4774
2028.0,107.266
2029.0,107.1336
2030.0,116.6987
2031.0,111.4512
2032.0,93.0318
2033.0,91.1804
2034.0,100.7526
2035.0,100.3265
2036.0,102.8881
2037.0,97.9791
2038.0,93.2082
2039.0,88.7518
2040.0,97.2136
2041.0,104.1142
2042.0,92.423
2043.0,86.7882
2044.0,81.1065
2045.0,80.6394
2046.0,92.3865
2047.0,102.592
2048.0,109.557
2049.0,93.5625
2050.0,100.1055
2051.0,96.676
2052.0,105.0367
2053.0,109.5425
2054.0,111.5597
2055.0,102.4983
2056.0,93.5612
2057.0,91.9236
2058.0,93.7747
2059.0,90.2817
2060.0,92.7784
2061.0,82.9
2062.0,80.226
2063.0,95.5027
2064.0,90.4464
2065.0,96.0956
2066.0,93.9216
2067.0,102.9851
2068.0,112.6266
2069.0,110.3885
2070.0,106.0689
2071.0,103.7248
2072.0,109.1206
2073.0,105.6355
2074.0,101.8683
2075.0,103.2618
2076.0,95.7195
2077.0,98.1675
2078.0,103.6979
2079.0,109.0049
2080.0,133.014
2081.0,130.9101
2082.0,133.659
2083.0,136.0398
2084.0,140.9218
2085.0,140.9147
2086.0,136.931
2087.0,125.4329
2088.0,120.1756
2089.0,129.066
2090.0,138.3205
2091.0,144.6448
2092.0,135.0378
2093.0,144.9678
2094.0,132.4825
2095.0,124.3624
2096.0,122.4997
2097.0,125.8317
2098.0,131.5754
2099.0,124.8297
2100.0,125.9639
2101.0,129.0597
2102.0,128.4907
2103.0,132.1505
2104.0,129.5304
2105.0,126.3169
2106.0,126.7407
2107.0,128.9288
2108.0,126.0798
2109.0,126.5516
2110.0,124.6001
2111.0,129.7827
2112.0,120.0132
2113.0,116.2705
2114.0,121.1883
2115.0,121.4112
2116.0,135.7176
2117.0,129.6833
2118.0,125.0977
2119.0,128.401
2120.0,128.0912
2121.0,136.538
2122.0,134.8761
2123.0,133.953
2124.0,122.5538
2125.0,119.1941
2126.0,118.2073
2127.0,119.1064
2128.0,123.6126
2129.0,117.3878
2130.0,128.5794
2131.0,130.1527
2132.0,137.2454
2133.0,119.6918
2134.0,108.552
2135.0,103.499
2136.0,114.8876
2137.0,120.0479
2138.0,116.8552
2139.0,108.3371
2140.0,109.679
2141.0,119.2661
2142.0,116.8613
2143.0,113.5442
2144.0,135.7341
2145.0,129.5407
2146.0,125.2519
2147.0,132.043
2148.0,127.5642
2149.0,117.6953
2150.0,120.6458
2151.0,118.7953
2152.0,135.4323
2153.0,128.8136
2154.0,116.8881
2155.0,115.1987
2156.0,109.4328
2157.0,110.6074
2158.0,114.5208
2159.0,112.7923
2160.0,112.8315
2161.0,120.9993
2162.0,127.0913
2163.0,127.8745
2164.0,131.8516
2165.0,139.4326
2166.0,117.4897
2167.0,115.0134
2168.0,112.9574
2169.0,110.2832
2170.0,112.0168
2171.0,99.1181
2172.0,100.9493
2173.0,132.0419
2174.0,131.78
2175.0,121.2082
2176.0,122.6908
2177.0,125.4376
2178.0,123.379
2179.0,123.6094
2180.0,130.3072
2181.0,121.1016
2182.0,112.6365
2183.0,123.361
2184.0,128.1637
2185.0,116.5689
2186.0,110.5468
2187.0,111.7598
2188.0,110.4138
2189.0,108.986
2190.0,98.517
2191.0,89.3445
2192.0,104.9331
2193.0,107.7251
2194.0,94.7192
2195.0,97.7751
2196.0,98.2573
2197.0,99.2015
2198.0,99.1734
2199.0,92.3384
2200.0,93.717
2201.0,91.3369
2202.0,92.0762
2203.0,95.7738
2204.0,89.1244
2205.0,86.9828
2206.0,90.6364
2207.0,108.7803
2208.0,124.1455
2209.0,112.8104
2210.0,109.4029
2211.0,121.0594
2212.0,135.5996
2213.0,139.535
2214.0,128.1942
2215.0,128.165
2216.0,139.2113
2217.0,146.3712
2218.0,158.33
2219.0,152.8939
2220.0,145.1731
2221.0,167.5926
2222.0,149.4089
2223.0,132.7194
2224.0,127.111
2225.0,117.4163
2226.0,110.1954
2227.0,120.3609
2228.0,115.3166
2229.0,111.8932
2230.0,125.7013
2231.0,121.8074
2232.0,112.8322
2233.0,112.9957
2234.0,113.8459
2235.0,116.7713
2236.0,118.5065
2237.0,127.0531
2238.0,113.2449
2239.0,119.0579
2240.0,123.1915
2241.0,131.0466
2242.0,125.9648
2243.0,128.3003
2244.0,120.2089
2245.0,125.5521
2246.0,124.7033
2247.0,127.5236
2248.0,122.0896
2249.0,128.3298
2250.0,126.8135
2251.0,121.1136
2252.0,116.7993
2253.0,126.6702
2254.0,126.2168
2255.0,118.4154
2256.0,117.8007
2257.0,114.1588
2258.0,113.7883
2259.0,130.1095
2260.0,115.5825
2261.0,110.6756
2262.0,132.0443
2263.0,135.9322
2264.0,123.0842
2265.0,126.0831
2266.0,127.6094
2267.0,110.4048
2268.0,121.4407
2269.0,119.676
2270.0,124.3341
2271.0,116.0334
2272.0,101.7514
2273.0,105.0474
2274.0,110.6072
2275.0,113.5833
2276.0,117.2733
2277.0,125.5275
2278.0,121.5897
2279.0,111.0705
2280.0,116.2986
2281.0,108.7851
2282.0,105.6107
2283.0,104.5243
2284.0,107.7504
2285.0,113.6147
2286.0,117.2382
2287.0,110.657
2288.0,121.368
2289.0,120.9096
2290.0,107.347
2291.0,115.4325
2292.0,122.8786
2293.0,125.9042
2294.0,121.1191
2295.0,105.6073
2296.0,106.2836
2297.0,111.0426
2298.0,109.6441
2299.0,113.8484
2300.0,103.1964
2301.0,113.6136
2302.0,108.396
2303.0,110.7474
2304.0,114.8494
2305.0,120.4113
2306.0,111.8683
2307.0,107.8439
2308.0,116.3763
2309.0,111.6261
2310.0,110.9878
2311.0,109.8419
2312.0,107.3735
2313.0,111.6316
2314.0,112.4355
2315.0,112.9822
2316.0,113.6271
2317.0,115.636
2318.0,117.7079
2319.0,98.6101
2320.0,108.5291
2321.0,102.1762
2322.0,107.8158
2323.0,117.0343
2324.0,119.7386
2325.0,107.8834
2326.0,106.5961
2327.0,114.5648
2328.0,123.0151
2329.0,128.6649
2330.0,119.9713
2331.0,113.6704
2332.0,121.1483
2333.0,120.2676
2334.0,118.9767
2335.0,111.7779
2336.0,113.142
2337.0,109.1217
2338.0,119.5012
2339.0,131.8493
2340.0,128.8712
2341.0,116.7977
2342.0,119.047
2343.0,125.9047
2344.0,119.0739
2345.0,114.6007
2346.0,115.1593
2347.0,130.5338
2348.0,123.8937
2349.0,121.7628
2350.0,126.2678
2351.0,126.4052
2352.0,118.4344
2353.0,124.2097
2354.0,125.1139
2355.0,114.7132
2356.0,109.2215
2357.0,137.543
2358.0,161.4128
2359.0,140.8925
2360.0,116.1512
2361.0,117.5492
2362.0,114.2439
2363.0,101.029
2364.0,112.5742
2365.0,121.441
2366.0,117.0055
2367.0,109.8386
2368.0,111.5999
2369.0,118.4142
2370.0,115.0517
2371.0,105.3163
2372.0,116.2742
2373.0,120.5149
2374.0,118.1244
2375.0,124.0581
2376.0,126.6823
2377.0,117.8119
2378.0,107.4363
2379.0,110.2853
2380.0,111.2235
2381.0,108.7556
2382.0,116.4753
2383.0,116.7687
2384.0,119.4717
2385.0,120.7793
2386.0,120.5014
2387.0,119.7962
2388.0,112.6719
2389.0,116.1554
2390.0,108.8414
2391.0,121.6158
2392.0,127.0217
2393.0,118.0055
2394.0,117.6533
2395.0,121.1453
2396.0,126.9452
2397.0,123.0257
2398.0,129.6626
2399.0,123.9224
2400.0,125.9486
2401.0,127.6099
2402.0,121.2654
2403.0,116.2095
2404.0,122.1904
2405.0,134.1297
2406.0,129.6986
2407.0,125.9669
2408.0,120.6202
2409.0,105.4317
2410.0,110.9373
2411.0,115.9481
2412.0,121.1765
2413.0,115.8353
2414.0,115.8949
2415.0,122.209
2416.0,114.66
2417.0,118.1785
2418.0,120.9688
2419.0,117.7408
2420.0,120.9735
2421.0,122.1898
2422.0,121.1468
2423.0,126.2286
2424.0,122.6165
2425.0,112.1859
2426.0,115.2921
2427.0,113.5426
2428.0,117.9421
2429.0,125.6679
2430.0,118.0336
2431.0,109.896
2432.0,111.5253
2433.0,119.9128
2434.0,120.7935
2435.0,122.4643
2436.0,139.1194
2437.0,142.4024
2438.0,141.6676
2439.0,131.0635
2440.0,115.6436
2441.0,115.2116
2442.0,106.8027
2443.0,107.368
2444.0,119.2058
2445.0,128.5889
2446.0,112.1859
2447.0,113.2911
2448.0,122.7914
2449.0,116.9956
2450.0,113.1043
2451.0,108.8704
2452.0,116.479
2453.0,107.7561
2454.0,108.4311
2455.0,121.9835
2456.0,119.2715
2457.0,119.5937
2458.0,112.2515
2459.0,117.3326
2460.0,116.0698
2461.0,107.9033
2462.0,120.4867
2463.0,125.5548
2464.0,120.1175
2465.0,112.8651
2466.0,118.2115
2467.0,114.3743
2468.0,116.5223
2469.0,110.0164
2470.0,114.9476
2471.0,108.7502
2472.0,102.1615
2473.0,103.0259
2474.0,94.897
2475.0,80.1102
2476.0,77.5523
2477.0,79.699
2478.0,97.4238
2479.0,98.7142
2480.0,85.0233
2481.0,86.6389
2482.0,84.7007
2483.0,94.0043
2484.0,89.8628
2485.0,96.3551
2486.0,97.582
2487.0,102.8146
2488.0,102.3379
2489.0,89.8708
2490.0,89.1634
2491.0,98.1837
2492.0,102.8216
2493.0,99.6197
2494.0,102.2404
2495.0,106.8956
2496.0,103.4177
2497.0,87.0671
2498.0,95.3251
2499.0,109.957
2500.0,103.2108
2501.0,104.1714
2502.0,102.761
2503.0,97.2715
2504.0,101.3171
2505.0,102.0229
2506.0,99.2538
2507.0,103.0791
2508.0,104.7759
2509.0,100.0602
2510.0,98.9438
2511.0,95.923
2512.0,89.5463
2513.0,97.2159
2514.0,96.5699
2515.0,92.9266
2516.0,90.6657
2517.0,89.6332
2518.0,92.0448
2519.0,98.0365
2520.0,95.7645
2521.0,93.6756
2522.0,105.7827
2523.0,116.4459
2524.0,111.1171
2525.0,103.4082
2526.0,100.8807
2527.0,102.9162
2528.0,102.1189
2529.0,93.1582
2530.0,97.1815
2531.0,98.7674
2532.0,96.7574
2533.0,86.3938
2534.0,97.3216
2535.0,106.8016
2536.0,105.4291
2537.0,96.2034
2538.0,100.8161
2539.0,107.7288
2540.0,103.9074
2541.0,98.0607
2542.0,94.0652
2543.0,96.5043
2544.0,93.5388
2545.0,91.4888
2546.0,90.5182
2547.0,93.3856
2548.0,102.4547
2549.0,100.83
2550.0,108.1936
2551.0,99.5156
2552.0,86.8338
2553.0,94.8625
2554.0,92.4886
2555.0,108.1929
2556.0,107.4851
2557.0,98.066
2558.0,101.2273
2559.0,95.7034
2560.0,94.0156
2561.0,100.5013
2562.0,91.0389
2563.0,62.9237
2564.0,82.4692
2565.0,96.5648
2566.0,95.8891
2567.0,98.1277
2568.0,95.4799
2569.0,86.0785
2570.0,74.2455
2571.0,84.7333
2572.0,92.1927
2573.0,97.0225
2574.0,100.2
2575.0,102.1626
2576.0,94.2067
2577.0,96.4068
2578.0,97.9096
2579.0,95.3238
2580.0,95.8484
2581.0,88.1652
2582.0,97.8606
2583.0,105.1497
2584.0,100.4438
2585.0,88.6622
2586.0,98.4694
2587.0,104.4345
2588.0,96.2733
2589.0,98.5342
2590.0,100.5668
2591.0,99.6511
2592.0,93.3933
2593.0,100.2355
2594.0,102.7865
2595.0,102.2594
2596.0,103.5715
2597.0,104.4018
2598.0,105.5972
2599.0,112.7136
2600.0,106.0994
2601.0,115.5947
2602.0,113.7423
2603.0,118.8536
2604.0,116.0055
2605.0,121.0879
2606.0,113.5532
2607.0,114.9485
2608.0,107.6916
2609.0,95.7429
2610.0,90.1012
2611.0,93.4234
2612.0,94.1594
2613.0,100.8182
2614.0,100.1628
2615.0,100.2596
2616.0,100.5298
2617.0,95.4705
2618.0,104.4313
2619.0,105.04
2620.0,100.412
2621.0,96.0663
2622.0,114.7794
2623.0,113.7795
2624.0,116.6208
2625.0,110.8639
2626.0,112.0867
2627.0,108.7469
2628.0,122.8927
2629.0,115.8291
2630.0,109.7173
2631.0,120.6614
2632.0,94.1913
2633.0,86.4353
2634.0,91.571
2635.0,100.1219
2636.0,104.0346
2637.0,106.1691
2638.0,106.2582
2639.0,95.5431
2640.0,105.179
2641.0,122.6895
2642.0,112.5771
2643.0,101.7716
2644.0,109.7195
2645.0,112.275
2646.0,110.6756
2647.0,97.998
2648.0,100.4947
2649.0,107.3297
2650.0,96.3033
2651.0,107.1439
2652.0,111.6151
2653.0,106.7904
2654.0,101.5894
2655.0,110.6921
2656.0,109.5181
2657.0,103.441
2658.0,100.7887
2659.0,97.7924
2660.0,98.1393
2661.0,97.6739
2662.0,87.5108
2663.0,85.0719
2664.0,92.0714
2665.0,95.6544
2666.0,95.0679
2667.0,86.9597
2668.0,85.2564
2669.0,97.4787
2670.0,101.9058
2671.0,98.9033
2672.0,102.2273
2673.0,123.2736
2674.0,131.8558
2675.0,135.2696
2676.0,152.4859
2677.0,161.238
2678.0,186.2998
2679.0,191.2553
2680.0,174.2871
2681.0,159.0123
2682.0,118.3998
2683.0,94.5597
2684.0,93.9807
2685.0,97.6732
2686.0,101.6752
2687.0,104.3762
2688.0,94.3937
2689.0,81.2024
2690.0,72.3659
2691.0,71.1034
2692.0,73.0665
2693.0,84.4039
2694.0,77.0912
2695.0,83.7874
2696.0,91.2781
2697.0,102.5514
2698.0,104.4805
2699.0,103.8734
2700.0,96.3777
2701.0,100.9046
2702.0,99.7539
2703.0,89.6378
2704.0,86.6406
2705.0,85.6695
2706.0,88.0974
2707.0,87.8467
2708.0,122.4832
2709.0,125.5557
2710.0,111.1861
2711.0,115.8752
2712.0,112.1558
2713.0,125.4209
2714.0,126.0665
2715.0,106.8095
2716.0,108.0791
2717.0,129.1927
2718.0,127.0489
2719.0,106.0638
2720.0,121.3215
2721.0,129.1076
2722.0,130.8996
2723.0,129.1357
2724.0,134.7439
2725.0,138.3865
2726.0,142.3794
2727.0,141.4404
2728.0,135.333
2729.0,136.8305
2730.0,125.5699
2731.0,128.5598
2732.0,123.4057
2733.0,128.9136
2734.0,132.7514
2735.0,126.3745
2736.0,133.6695
2737.0,128.6359
2738.0,134.5408
2739.0,135.7127
2740.0,130.9524
2741.0,124.13
2742.0,134.691
2743.0,131.1951
2744.0,122.2395
2745.0,125.118
2746.0,135.5285
2747.0,143.5289
2748.0,145.4095
2749.0,144.1445
2750.0,141.4752
2751.0,137.6928
2752.0,132.4562
2753.0,130.7113
2754.0,127.9689
2755.0,117.9736
2756.0,124.2884
2757.0,122.1145
2758.0,122.0095
2759.0,124.8433
2760.0,135.0001
2761.0,136.6558
2762.0,143.5004
2763.0,137.8703
2764.0,134.2764
2765.0,127.7438
2766.0,129.6658
2767.0,127.7571
2768.0,129.0772
2769.0,129.3699
2770.0,123.4692
2771.0,133.3126
2772.0,153.5378
2773.0,102.7471
2774.0,98.8668
2775.0,117.8308
2776.0,116.0092
2777.0,119.2532
2778.0,107.9206
2779.0,122.3508
2780.0,119.1367
2781.0,128.1358
2782.0,131.0
2783.0,122.6593
2784.0,123.3632
2785.0,135.6505
2786.0,165.9684
2787.0,179.8337
2788.0,139.7326
2789.0,123.9976
2790.0,117.495
2791.0,114.9517
2792.0,113.3653
2793.0,105.648
2794.0,105.0221
2795.0,110.663
2796.0,118.4189
2797.0,115.3796
2798.0,113.6312
2799.0,110.8084
2800.0,115.5208
2801.0,119.6071
2802.0,118.6511
2803.0,123.3946
2804.0,120.2949
2805.0,155.1321
2806.0,204.2386
2807.0,186.9917
2808.0,116.4711
2809.0,98.416
2810.0,98.1807
2811.0,109.462
2812.0,111.8526
2813.0,112.4241
2814.0,117.5948
2815.0,120.0454
2816.0,134.187
2817.0,164.0194
2818.0,201.5949
2819.0,158.3649
2820.0,116.9143
2821.0,109.8733
2822.0,108.9998
2823.0,106.1388
2824.0,117.49
2825.0,117.7249
2826.0,130.485
2827.0,131.8997
2828.0,128.1538
2829.0,130.1193
2830.0,130.9309
2831.0,140.6752
2832.0,150.2816
2833.0,134.0142
2834.0,135.2465
2835.0,136.1858
2836.0,130.9598
2837.0,130.7222
2838.0,122.2912
2839.0,116.4022
2840.0,114.8932
2841.0,119.2986
2842.0,131.6763
2843.0,132.0313
2844.0,127.2839
2845.0,129.5462
2846.0,139.4443
2847.0,128.6827
2848.0,128.0475
2849.0,120.5574
2850.0,117.7114
2851.0,109.1952
2852.0,90.5979
2853.0,74.5967
2854.0,62.1655
2855.0,59.9716
2856.0,73.0156
2857.0,68.4856
2858.0,55.148
2859.0,48.4886
2860.0,50.5152
2861.0,53.823
2862.0,58.8299
2863.0,62.1381
2864.0,59.797
2865.0,57.2078
2866.0,55.2696
2867.0,42.6012
2868.0,51.037
2869.0,55.2139
2870.0,55.8615
2871.0,58.3783
2872.0,54.4717
2873.0,53.5518
2874.0,52.1841
2875.0,48.8282
2876.0,47.578
2877.0,56.4604
2878.0,66.309
2879.0,74.8325
2880.0,72.1027
2881.0,87.9321
2882.0,74.1792
2883.0,72.6159
2884.0,89.0614
2885.0,64.5666
2886.0,71.6635
2887.0,58.9417
2888.0,63.0171
2889.0,61.7773
2890.0,64.7182
2891.0,77.5377
2892.0,71.0171
2893.0,70.8992
2894.0,87.6558
2895.0,95.0424
2896.0,80.3864
2897.0,68.1648
2898.0,63.6718
2899.0,68.0056
2900.0,67.0513
2901.0,66.3762
2902.0,72.541
2903.0,69.5728
2904.0,69.2484
2905.0,72.0918
2906.0,81.3704
2907.0,86.4222
2908.0,81.5019
2909.0,89.7883
2910.0,112.2011
2911.0,100.6789
2912.0,92.7093
2913.0,108.8274
2914.0,122.7038
2915.0,123.5543
2916.0,126.3169
2917.0,122.3531
2918.0,124.1446
2919.0,124.4789
2920.0,118.4979
2921.0,112.6561
2922.0,115.0713
2923.0,123.9988
2924.0,119.3269
2925.0,114.9329
2926.0,110.2234
2927.0,111.2528
2928.0,106.7003
2929.0,109.0436
2930.0,111.0847
2931.0,110.1045
2932.0,105.6419
2933.0,106.9933
2934.0,117.005
2935.0,118.5916
2936.0,108.9697
2937.0,106.964
2938.0,99.5308
2939.0,100.9291
2940.0,95.6599
2941.0,97.5342
2942.0,100.2372
2943.0,104.0841
2944.0,109.2479
2945.0,110.0588
2946.0,107.956
2947.0,118.1245
2948.0,105.4917
2949.0,100.8527
2950.0,102.468
2951.0,112.1283
2952.0,110.9148
2953.0,114.4548
2954.0,117.6272
2955.0,117.8414
2956.0,108.4309
2957.0,115.0349
2958.0,121.5141
2959.0,118.4741
2960.0,108.7211
2961.0,104.8282
2962.0,115.3029
2963.0,115.6812
2964.0,120.076
2965.0,121.8965
2966.0,118.0076
2967.0,121.5919
2968.0,120.0617
2969.0,121.0556
2970.0,125.0256
2971.0,120.4742
2972.0,129.854
2973.0,124.9346
2974.0,128.4336
2975.0,131.7674
2976.0,125.6395
2977.0,119.0315
2978.0,121.5301
2979.0,126.3162
2980.0,124.1718
2981.0,120.458
2982.0,144.6386
2983.0,154.92
2984.0,139.6406
2985.0,118.8873
2986.0,117.0333
2987.0,120.2805
2988.0,115.1289
2989.0,102.4975
2990.0,109.1452
2991.0,126.8609
2992.0,178.3998
2993.0,185.9648
2994.0,141.9906
2995.0,95.4798
2996.0,111.7559
2997.0,114.1603
2998.0,106.6347
2999.0,107.2432
3000.0,105.9126
3001.0,104.524
3002.0,104.9627
3003.0,114.5924
3004.0,115.9472
3005.0,119.339
3006.0,121.4129
3007.0,111.8967
3008.0,126.1134
3009.0,119.2794
3010.0,106.1386
3011.0,111.7158
3012.0,122.6883
3013.0,116.6871
3014.0,109.2552
3015.0,114.5224
3016.0,110.2545
3017.0,118.9449
3018.0,115.3914
3019.0,110.2047
3020.0,109.4914
3021.0,116.6024
3022.0,108.2398
3023.0,108.3391
3024.0,118.2954
3025.0,118.7662
3026.0,122.2345
3027.0,125.8167
3028.0,106.6986
3029.0,99.7438
3030.0,102.2618
3031.0,102.0851
3032.0,103.3501
3033.0,101.8245
3034.0,97.4697
3035.0,97.5248
3036.0,104.9636
3037.0,113.8654
3038.0,110.3633
3039.0,111.1734
3040.0,118.5033
3041.0,113.8615
3042.0,106.0811
3043.0,109.0178
3044.0,107.3525
3045.0,98.6248
3046.0,100.5888
3047.0,106.053
3048.0,110.7298
3049.0,106.6401
3050.0,108.962
3051.0,117.9908
3052.0,119.1765
3053.0,105.4253
3054.0,116.651
3055.0,119.8228
3056.0,115.0457
3057.0,127.0809
3058.0,127.9616
3059.0,119.8406
3060.0,117.507
3061.0,124.1417
3062.0,121.749
3063.0,111.202
3064.0,115.5388
3065.0,111.9859
3066.0,114.7475
3067.0,118.0941
3068.0,113.7136
3069.0,107.7505
3070.0,116.6811
3071.0,114.8928
3072.0,121.9979
3073.0,131.4
3074.0,125.9209
3075.0,110.5451
3076.0,112.8362
3077.0,109.1073
3078.0,106.8698
3079.0,78.7979
3080.0,88.8148
3081.0,112.8351
3082.0,121.1182
3083.0,110.8683
3084.0,122.1202
3085.0,125.3938
3086.0,120.3974
3087.0,136.6573
3088.0,133.4976
3089.0,134.147
3090.0,132.7228
3091.0,134.2937
3092.0,142.7908
3093.0,149.8179
3094.0,141.66
3095.0,147.9668
3096.0,144.2358
3097.0,148.4697
3098.0,159.9128
3099.0,172.7211
3100.0,183.5664
3101.0,180.4155
3102.0,100.7881
3103.0,64.4564
3104.0,68.0947
3105.0,56.7083
3106.0,54.3239
3107.0,95.3566
3108.0,116.334
3109.0,133.9486
3110.0,143.3218
3111.0,133.4565
3112.0,121.6729
3113.0,104.9001
3114.0,130.2822
3115.0,122.8557
3116.0,117.4196
3117.0,119.7926
3118.0,116.1112
3119.0,121.4106
3120.0,119.1941
3121.0,113.0537
3122.0,121.085
3123.0,121.527
3124.0,122.0594
3125.0,123.2642
3126.0,125.3747
3127.0,125.5094
3128.0,121.7961
3129.0,122.5897
3130.0,132.57
3131.0,133.657
3132.0,126.2162
3133.0,125.465
3134.0,126.3167
3135.0,130.9886
3136.0,135.7925
3137.0,125.8166
3138.0,129.782
3139.0,133.6403
3140.0,114.2565
3141.0,113.8316
3142.0,120.3559
3143.0,119.7099
3144.0,114.8307
3145.0,129.4092
3146.0,130.1521
3147.0,134.6587
3148.0,134.3365
3149.0,140.9136
3150.0,128.1643
3151.0,115.8279
3152.0,127.0925
3153.0,127.9615
3154.0,129.459
3155.0,124.8304
3156.0,112.8562
3157.0,114.6244
3158.0,109.1644
3159.0,108.7824
3160.0,106.0225
3161.0,110.1143
3162.0,117.1197
3163.0,114.7704
3164.0,110.3824
3165.0,95.4255
3166.0,110.0443
3167.0,113.3359
3168.0,120.7646
3169.0,114.9495
3170.0,124.4218
3171.0,145.5558
3172.0,149.7582
3173.0,135.6269
3174.0,139.8839
3175.0,142.8521
3176.0,146.8086
3177.0,140.8243
3178.0,133.3067
3179.0,126.1397
3180.0,110.5583
3181.0,124.7349
3182.0,125.7749
3183.0,122.2344
3184.0,119.4712
3185.0,127.9722
3186.0,129.6943
3187.0,135.7148
3188.0,137.8586
3189.0,150.8959
3190.0,144.9636
3191.0,143.2353
3192.0,162.2158
3193.0,201.1118
3194.0,211.773
3195.0,161.0035
3196.0,168.4902
3197.0,141.6179
3198.0,131.6741
3199.0,137.5976
3200.0,131.4541
3201.0,127.3903
3202.0,134.9476
3203.0,141.9394
3204.0,123.7956
3205.0,126.4218
3206.0,121.0944
3207.0,126.9122
3208.0,132.0782
3209.0,121.1448
3210.0,116.0539
3211.0,120.3217
3212.0,129.048
3213.0,140.6804
3214.0,141.8589
3215.0,135.2194
3216.0,131.6235
3217.0,140.0623
3218.0,137.9173
3219.0,141.8342
3220.0,146.4398
3221.0,144.1531
3222.0,142.5026
3223.0,131.1624
3224.0,129.3227
3225.0,130.2797
3226.0,130.3956
3227.0,126.3616
3228.0,132.4237
3229.0,136.6587
3230.0,148.6675
3231.0,131.457
3232.0,130.4755
3233.0,132.7653
3234.0,134.2176
3235.0,139.1602
3236.0,140.7989
3237.0,148.0304
3238.0,157.2792
3239.0,153.5659
3240.0,162.7624
3241.0,158.8322
3242.0,144.4073
3243.0,150.5147
3244.0,148.606
3245.0,141.4348
3246.0,151.9839
3247.0,157.8894
3248.0,154.8434
3249.0,155.838
3250.0,153.4285
3251.0,145.3477
3252.0,146.4028
3253.0,154.7467
3254.0,156.3369
3255.0,156.5185
3256.0,158.0347
3257.0,159.6795
3258.0,160.4401
3259.0,155.3276
3260.0,147.7502
3261.0,162.8867
3262.0,164.0038
3263.0,161.2032
3264.0,153.6859
3265.0,161.8248
3266.0,159.0328
3267.0,156.2453
3268.0,153.1036
3269.0,152.9648
3270.0,168.586
3271.0,175.4815
3272.0,160.9702
3273.0,164.2598
3274.0,161.8508
3275.0,152.5778
3276.0,172.0523
3277.0,223.4335
3278.0,200.8582
3279.0,147.3755
3280.0,149.8731
3281.0,146.0538
3282.0,155.8609
3283.0,148.3146
3284.0,147.4709
3285.0,165.4443
3286.0,169.0581
3287.0,158.5696
3288.0,164.7614
3289.0,166.8168
3290.0,169.2855
3291.0,167.4391
3292.0,156.7177
3293.0,162.5881
3294.0,138.7415
3295.0,105.1139
3296.0,136.5272
3297.0,167.2316
3298.0,166.9101
3299.0,165.9135
3300.0,164.271
3301.0,154.8107
3302.0,160.9768
3303.0,150.9302
3304.0,163.0031
3305.0,172.4881
3306.0,165.7698
3307.0,159.4153
3308.0,152.2604
3309.0,142.3591
3310.0,108.6343
3311.0,148.6021
3312.0,180.9737
3313.0,176.8302
3314.0,177.2392
3315.0,173.053
3316.0,162.5918
3317.0,152.751
3318.0,150.4613
3319.0,155.5152
3320.0,157.4658
3321.0,155.753
3322.0,166.9026
3323.0,161.849
3324.0,150.3148
3325.0,153.2528
3326.0,158.9726
3327.0,169.4924
3328.0,159.2194
3329.0,158.7995
3330.0,161.8236
3331.0,169.3406
3332.0,173.4238
3333.0,163.7974
3334.0,170.6427
3335.0,161.6272
3336.0,153.5462
3337.0,165.0239
3338.0,166.9916
3339.0,174.7168
3340.0,172.5737
3341.0,175.0213
3342.0,174.0207
3343.0,177.7427
3344.0,174.601
3345.0,168.7283
3346.0,177.3409
3347.0,204.8345
3348.0,190.6697
3349.0,182.0625
3350.0,191.5477
3351.0,175.0501
3352.0,139.6464
3353.0,153.4847
3354.0,170.8948
3355.0,166.4887
3356.0,145.5188
3357.0,153.5641
3358.0,138.9184
3359.0,150.3797
3360.0,161.5609
3361.0,162.471
3362.0,155.9783
3363.0,152.7198
3364.0,151.2209
3365.0,137.8342
3366.0,148.3761
3367.0,146.0274
3368.0,113.2328
3369.0,119.7659
3370.0,129.9893
3371.0,183.343
3372.0,196.92
3373.0,196.3433
3374.0,220.6187
3375.0,154.4839
3376.0,100.373
3377.0,98.2319
3378.0,115.2714
3379.0,113.9373
3380.0,108.7546
3381.0,104.9359
3382.0,112.8376
3383.0,113.7922
3384.0,110.1589
3385.0,109.4151
3386.0,113.6567
3387.0,105.8453
3388.0,106.0914
3389.0,111.0189
3390.0,105.2902
3391.0,97.4514
3392.0,94.6594
3393.0,105.1793
3394.0,104.4233
3395.0,106.7821
3396.0,113.7777
3397.0,99.3842
3398.0,94.6161
3399.0,106.2223
3400.0,110.4528
3401.0,105.394
3402.0,105.7809
3403.0,103.2503
3404.0,98.2708
3405.0,93.1033
3406.0,92.1925
3407.0,94.2452
3408.0,90.4835
3409.0,82.9379
3410.0,112.8473
3411.0,119.4013
3412.0,103.0289
3413.0,140.5691
3414.0,181.1203
3415.0,123.8766
3416.0,114.2741
3417.0,121.9409
3418.0,127.1394
3419.0,124.1432
3420.0,133.7729
3421.0,143.6451
3422.0,151.9808
3423.0,146.9957
3424.0,137.6224
3425.0,128.9341
3426.0,156.3933
3427.0,191.2576
3428.0,128.241
3429.0,107.831
3430.0,126.5508
3431.0,141.5994
3432.0,126.7715
3433.0,116.68
3434.0,132.076
3435.0,151.6601
3436.0,147.8715
3437.0,113.0962
3438.0,118.1089
3439.0,172.4155
3440.0,221.2965
3441.0,197.0197
3442.0,146.2086
3443.0,118.1356
3444.0,112.6337
3445.0,116.9437
3446.0,139.8063
3447.0,138.5942
3448.0,132.7175
3449.0,139.6242
3450.0,147.6675
3451.0,172.3123
3452.0,167.5305
3453.0,125.9196
3454.0,117.2672
3455.0,132.1612
3456.0,131.341
3457.0,133.6334
3458.0,150.4552
3459.0,156.0703
3460.0,147.198
3461.0,139.6916
3462.0,141.5617
3463.0,155.1319
3464.0,128.1023
3465.0,120.1736
3466.0,165.8856
3467.0,175.3378
3468.0,152.6003
3469.0,161.5425
3470.0,183.2991
3471.0,170.8394
3472.0,172.4567
3473.0,181.2713
3474.0,176.131
3475.0,156.3014
3476.0,165.5606
3477.0,174.9905
3478.0,188.0037
3479.0,177.6609
3480.0,164.1826
3481.0,158.1807
3482.0,161.9119
3483.0,158.1226
3484.0,158.8055
3485.0,157.132
3486.0,159.5608
3487.0,165.2895
3488.0,153.6276
3489.0,145.7628
3490.0,132.0719
3491.0,125.4959
3492.0,140.095
3493.0,122.6318
3494.0,144.0402
3495.0,142.3925
3496.0,118.9472
3497.0,134.6099
3498.0,152.4625
3499.0,159.453
3500.0,161.4821
3501.0,177.1235
3502.0,188.0204
3503.0,172.9287
3504.0,164.7608
3505.0,156.4547
3506.0,164.5886
3507.0,182.8784
3508.0,188.9306
3509.0,179.7444
3510.0,183.3195
3511.0,180.6159
3512.0,169.5481
3513.0,164.7328
3514.0,146.9362
3515.0,163.0829
3516.0,199.0221
3517.0,217.3233
3518.0,154.4287
3519.0,132.0108
3520.0,134.3814
3521.0,146.2257
3522.0,152.1614
3523.0,141.5106
3524.0,136.275
3525.0,138.8837
3526.0,152.9563
3527.0,159.62
3528.0,168.3437
3529.0,160.3824
3530.0,171.7563
3531.0,190.4973
3532.0,183.2706
3533.0,161.0033
3534.0,178.0347
3535.0,194.7303
3536.0,228.2227
3537.0,187.7852
3538.0,169.9292
3539.0,171.7233
3540.0,175.4255
3541.0,181.1158
3542.0,198.7452
3543.0,191.6985
3544.0,183.7751
3545.0,196.1304
3546.0,196.8473
3547.0,195.3183
3548.0,213.8068
3549.0,216.5955
3550.0,234.2813
3551.0,241.8536
3552.0,222.5059
3553.0,218.3028
3554.0,209.8516
3555.0,203.6862
3556.0,240.6792
3557.0,213.2398
3558.0,196.0192
3559.0,216.5673
3560.0,205.791
3561.0,191.8061
3562.0,178.5128
3563.0,207.7555
3564.0,196.3269
3565.0,189.0453
3566.0,180.5143
3567.0,179.9181
3568.0,167.41
3569.0,163.4172
3570.0,152.343
3571.0,160.4707
3572.0,173.6895
3573.0,172.843
3574.0,190.8379
3575.0,192.3374
3576.0,170.8445
3577.0,135.042
3578.0,126.888
3579.0,142.5026
3580.0,142.5553
3581.0,139.8235
3582.0,141.7637
3583.0,129.3385
3584.0,131.0637
3585.0,136.5177
3586.0,142.9446
3587.0,119.6649
3588.0,147.9899
3589.0,162.9171
3590.0,138.5557
3591.0,138.5623
3592.0,139.824
3593.0,141.6903
3594.0,155.0163
3595.0,162.0657
3596.0,159.1903
3597.0,143.7034
3598.0,137.0639
3599.0,136.5265
3600.0,148.2252
3601.0,151.3099
3602.0,155.8568
3603.0,144.558
3604.0,147.9592
3605.0,170.578
3606.0,215.9471
3607.0,227.9329
3608.0,177.3343
3609.0,124.3762
3610.0,124.701
3611.0,133.9899
3612.0,132.0989
3613.0,138.2395
3614.0,133.4425
3615.0,122.2176
3616.0,122.5277
3617.0,126.3859
3618.0,103.4034
3619.0,93.9555
3620.0,104.7681
3621.0,121.8462
3622.0,148.2288
3623.0,145.4088
3624.0,125.4759
3625.0,108.018
3626.0,95.9438
3627.0,90.188
3628.0,101.6448
3629.0,106.804
3630.0,107.2208
3631.0,106.3997
3632.0,107.1254
3633.0,107.9575
3634.0,95.2621
3635.0,103.0938
3636.0,112.3396
3637.0,119.4712
3638.0,92.7051
3639.0,98.8225
3640.0,114.9079
3641.0,114.7129
3642.0,107.6929
3643.0,108.8153
3644.0,114.0127
3645.0,113.9538
3646.0,115.9604
3647.0,110.5167
3648.0,114.1537
3649.0,111.2936
3650.0,109.1308
3651.0,112.7394
3652.0,107.3486
3653.0,110.6279
3654.0,126.3755
3655.0,135.6828
3656.0,121.6415
3657.0,122.1612
3658.0,117.2136
3659.0,118.0627
3660.0,126.5959
3661.0,130.6621
3662.0,124.674
3663.0,111.3374
3664.0,117.6796
3665.0,125.171
3666.0,126.0249
3667.0,115.4501
3668.0,104.0053
3669.0,96.6104
3670.0,103.5558
3671.0,111.3104
3672.0,117.8998
3673.0,118.9734
3674.0,124.5856
3675.0,125.4091
3676.0,119.0623
3677.0,112.9526
3678.0,117.0935
3679.0,115.9623
3680.0,126.2271
3681.0,114.8006
3682.0,127.2104
3683.0,123.9649
3684.0,108.1918
3685.0,105.3052
3686.0,133.9476
3687.0,138.0891
3688.0,120.5913
3689.0,125.8027
3690.0,125.5392
3691.0,120.7106
3692.0,112.0655
3693.0,128.6789
3694.0,126.3739
3695.0,117.6797
3696.0,112.0565
3697.0,110.8935
3698.0,117.4606
3699.0,124.934
3700.0,132.1785
3701.0,127.3718
3702.0,123.3213
3703.0,114.246
3704.0,113.0084
3705.0,120.6835
3706.0,137.0274
3707.0,127.0842
3708.0,108.9432
3709.0,120.6747
3710.0,128.1661
3711.0,128.6683
3712.0,120.0611
3713.0,128.2146
3714.0,158.2709
3715.0,143.3813
3716.0,129.1226
3717.0,131.2193
3718.0,140.3241
3719.0,149.8709
3720.0,139.1818
3721.0,145.4088
3722.0,128.8481
3723.0,134.1938
3724.0,142.9989
3725.0,154.6973
3726.0,144.7613
3727.0,146.2005
3728.0,131.5023
3729.0,100.6811
3730.0,86.3452
3731.0,128.2739
3732.0,153.8924
3733.0,147.0829
3734.0,161.6571
3735.0,165.9131
3736.0,151.3127
3737.0,151.6936
3738.0,149.0528
3739.0,148.8481
3740.0,147.854
3741.0,144.3236
3742.0,143.479
3743.0,139.1232
3744.0,144.1287
3745.0,142.7374
3746.0,135.8358
3747.0,137.4511
3748.0,149.6043
3749.0,150.8078
3750.0,138.6826
3751.0,145.3283
3752.0,152.4291
3753.0,178.3361
3754.0,173.8479
3755.0,140.7988
3756.0,151.1304
3757.0,142.8814
3758.0,139.7077
3759.0,148.0
3760.0,143.0591
3761.0,134.6294
3762.0,133.9033
3763.0,134.247
3764.0,130.2934
3765.0,135.8246
3766.0,146.9096
3767.0,150.4932
3768.0,125.8297
3769.0,98.3869
3770.0,94.9958
3771.0,91.242
3772.0,88.7145
3773.0,103.1863
3774.0,108.9841
3775.0,128.0924
3776.0,132.191
3777.0,126.3152
3778.0,140.0938
3779.0,146.6384
3780.0,151.163
3781.0,140.1017
3782.0,149.5527
3783.0,140.1218
3784.0,129.105
3785.0,108.2603
3786.0,75.593
3787.0,80.6175
3788.0,89.0452
3789.0,105.2033
3790.0,114.7888
3791.0,113.1269
3792.0,113.131
3793.0,120.5327
3794.0,127.9592
3795.0,139.27
3796.0,129.8426
3797.0,128.2541
3798.0,116.1685
3799.0,112.5856
3800.0,106.4352
3801.0,101.8537
3802.0,115.5799
3803.0,123.5575
3804.0,113.8038
3805.0,112.0713
3806.0,121.852
3807.0,127.8272
3808.0,129.6948
3809.0,138.7428
3810.0,133.8189
3811.0,134.3066
3812.0,134.7279
3813.0,140.0052
3814.0,135.2143
3815.0,138.8096
3816.0,140.7386
3817.0,141.0387
3818.0,137.6552
3819.0,136.4322
3820.0,119.9714
3821.0,92.3342
3822.0,109.5813
3823.0,127.2273
3824.0,113.1265
3825.0,101.6847
3826.0,113.9188
3827.0,127.9325
3828.0,127.1387
3829.0,134.5223
3830.0,127.2552
3831.0,105.667
3832.0,110.7644
3833.0,142.016
3834.0,154.1938
3835.0,150.8481
3836.0,156.3965
3837.0,150.3724
3838.0,119.7377
3839.0,100.1392
3840.0,126.4053
3841.0,128.0502
3842.0,134.6694
3843.0,145.1747
3844.0,149.6167
3845.0,137.1831
3846.0,103.6699
3847.0,63.7148
3848.0,45.8654
3849.0,30.2566
3850.0,40.7449
3851.0,33.8574
3852.0,30.7581
3853.0,41.2439
3854.0,58.5838
3855.0,55.8148
3856.0,50.9896
3857.0,52.2707
3858.0,33.0459
3859.0,28.5233
3860.0,29.2779
3861.0,20.5569
3862.0,18.2131
3863.0,20.3797
3864.0,21.2978
3865.0,17.9709
3866.0,20.8493
3867.0,26.3206
3868.0,20.2691
3869.0,22.111
3870.0,36.2748
3871.0,46.6491
3872.0,35.5336
3873.0,37.8069
3874.0,38.8564
3875.0,45.4599
3876.0,96.4102
3877.0,116.5599
3878.0,88.7265
3879.0,82.9865
3880.0,84.0433
3881.0,90.4467
3882.0,87.4046
3883.0,97.0866
3884.0,105.7748
3885.0,150.9631
3886.0,389.2969
3887.0,579.0206
3888.0,199.6071
3889.0,153.4886
3890.0,152.3389
3891.0,135.6849
3892.0,117.1807
3893.0,104.3075
3894.0,97.822
3895.0,103.4086
3896.0,96.8744
3897.0,101.5817
3898.0,109.4824
3899.0,102.4919
3900.0,108.3589
3901.0,98.4977
3902.0,85.3336
3903.0,90.8314
3904.0,102.0873
3905.0,105.4647
3906.0,109.2178
3907.0,99.9932
3908.0,98.2259
3909.0,95.565
3910.0,101.3741
3911.0,109.8262
3912.0,119.149
3913.0,111.1205
3914.0,102.5803
3915.0,97.8514
3916.0,94.5906
3917.0,96.9047
3918.0,103.1395
3919.0,100.8778
3920.0,108.5039
3921.0,100.2892
3922.0,100.5604
3923.0,100.0032
3924.0,104.0496
3925.0,101.5171
3926.0,102.5458
3927.0,103.6973
3928.0,101.8564
3929.0,102.1941
3930.0,114.5072
3931.0,104.9232
3932.0,108.2128
3933.0,117.2671
3934.0,130.7933
3935.0,136.6279
3936.0,170.5523
3937.0,208.5083
3938.0,202.6264
3939.0,138.5813
3940.0,117.5022
3941.0,138.6603
3942.0,137.6238
3943.0,143.175
3944.0,266.8401
3945.0,307.7726
3946.0,208.2096
3947.0,157.1321
3948.0,125.5353
3949.0,112.715
3950.0,94.1745
3951.0,104.249
3952.0,105.7239
3953.0,100.0471
3954.0,101.0752
3955.0,98.6857
3956.0,91.2725
3957.0,91.1241
3958.0,94.4256
3959.0,85.9539
3960.0,82.9865
3961.0,107.1061
3962.0,104.2277
3963.0,83.9258
3964.0,73.145
3965.0,58.9584
3966.0,51.2438
3967.0,64.7146
3968.0,79.4892
3969.0,92.8251
3970.0,97.3484
3971.0,107.4283
3972.0,98.4348
3973.0,80.9586
3974.0,95.2355
3975.0,130.2382
3976.0,105.9731
3977.0,94.0535
3978.0,92.323
3979.0,74.9672
3980.0,73.9392
3981.0,72.8222
3982.0,70.1106
3983.0,64.6046
3984.0,65.7721
3985.0,62.8937
3986.0,59.8769
3987.0,68.5929
3988.0,69.0826
3989.0,70.8077
3990.0,68.1817
3991.0,71.0031
3992.0,86.2177
3993.0,94.7359
3994.0,91.1529
3995.0,77.7179
3996.0,75.2926
3997.0,72.5897
3998.0,92.8932
3999.0,88.9749
4000.0,79.0217
4001.0,61.6678
4002.0,62.6958
4003.0,81.7836
4004.0,80.8721
4005.0,85.4981
4006.0,82.7815
4007.0,88.6863
4008.0,82.7239
4009.0,61.881
4010.0,52.4073
4011.0,46.5171
4012.0,52.3772
4013.0,46.5834
4014.0,32.6541
4015.0,40.8339
4016.0,54.792
4017.0,48.9107
4018.0,76.6735
4019.0,88.5665
4020.0,75.1263
4021.0,62.6329
4022.0,57.254
4023.0,75.1747
4024.0,99.2919
4025.0,103.404
4026.0,84.3968
4027.0,81.7593
4028.0,86.1707
4029.0,81.5776
4030.0,91.6521
4031.0,113.8013
4032.0,112.5272
4033.0,81.8694
4034.0,78.9909
4035.0,80.0007
4036.0,64.0194
4037.0,61.514
4038.0,61.7196
4039.0,55.3828
4040.0,44.7679
4041.0,35.1046
4042.0,34.6214
4043.0,47.0917
4044.0,72.6273
4045.0,76.114
4046.0,71.3548
4047.0,78.198
4048.0,85.1594
4049.0,85.7762
4050.0,95.3835
4051.0,97.9933
4052.0,88.4185
4053.0,61.4846
4054.0,76.669
4055.0,68.4168
4056.0,50.7015
4057.0,49.2437
4058.0,70.925
4059.0,63.9786
4060.0,57.3993
4061.0,71.3851
4062.0,63.0691
4063.0,58.3866
4064.0,59.4656
4065.0,55.2268
4066.0,58.2883
4067.0,85.9138
4068.0,132.0718
4069.0,148.9063
4070.0,142.4498
4071.0,154.1012
4072.0,157.2182
4073.0,155.4331
4074.0,149.9893
4075.0,118.3265
4076.0,111.0901
4077.0,105.3113
4078.0,93.2109
4079.0,95.8932
4080.0,105.8949
4081.0,116.7694
4082.0,106.2736
4083.0,100.7223
4084.0,95.4109
4085.0,101.1898
4086.0,108.4881
4087.0,98.7916
4088.0,74.5309
4089.0,54.9033
4090.0,67.6894
4091.0,68.2989
4092.0,68.6279
4093.0,77.3769
4094.0,81.6945
4095.0,86.9189
4096.0,85.6599
4097.0,97.4168
4098.0,101.811
4099.0,98.4963
4100.0,96.6767
4101.0,99.5551
4102.0,99.9876
4103.0,89.026
4104.0,85.7784
4105.0,80.2811
4106.0,107.2151
4107.0,117.4438
4108.0,112.5001
4109.0,108.5937
4110.0,107.5743
4111.0,107.9746
4112.0,108.9552
4113.0,111.0112
4114.0,110.8639
4115.0,110.0067
4116.0,112.4733
4117.0,111.8042
4118.0,111.5986
4119.0,113.7597
4120.0,106.694
4121.0,97.5862
4122.0,100.546
4123.0,90.0541
4124.0,96.4697
4125.0,104.5119
4126.0,103.6895
4127.0,102.1402
4128.0,95.3252
4129.0,104.9554
4130.0,107.0157
4131.0,111.4376
4132.0,114.0082
4133.0,105.0108
4134.0,92.2392
4135.0,99.4353
4136.0,107.4758
4137.0,96.8535
4138.0,101.5823
4139.0,102.3346
4140.0,97.704
4141.0,93.3864
4142.0,96.3231
4143.0,89.3601
4144.0,89.508
4145.0,88.8912
4146.0,86.1289
4147.0,89.7732
4148.0,90.5956
4149.0,86.5693
4150.0,90.1248
4151.0,94.2369
4152.0,104.8311
4153.0,99.1432
4154.0,94.6782
4155.0,96.5684
4156.0,92.7666
4157.0,104.4306
4158.0,107.309
4159.0,104.013
4160.0,84.4838
4161.0,75.2317
4162.0,81.2832
4163.0,88.3916
4164.0,66.8033
4165.0,54.239
4166.0,70.8839
4167.0,85.5132
4168.0,86.13
4169.0,76.115
4170.0,82.7664
4171.0,98.1446
4172.0,99.3448
4173.0,101.0519
4174.0,98.7902
4175.0,96.2001
4176.0,97.704
4177.0,103.872
4178.0,110.3632
4179.0,112.4768
4180.0,114.7709
4181.0,127.4319
4182.0,125.2012
4183.0,105.2996
4184.0,71.5001
4185.0,61.1191
4186.0,57.8792
4187.0,62.2761
4188.0,70.7401
4189.0,73.0017
4190.0,71.3541
4191.0,55.0191
4192.0,43.6963
4193.0,44.7979
4194.0,54.8436
4195.0,72.7834
4196.0,76.4656
4197.0,55.725
4198.0,51.3886
4199.0,63.3136
4200.0,72.0285
4201.0,73.4421
4202.0,80.0214
4203.0,78.1677
4204.0,84.3385
4205.0,79.404
4206.0,72.5613
4207.0,75.7909
4208.0,80.1085
4209.0,71.5917
4210.0,51.0537
4211.0,49.7559
4212.0,51.9189
4213.0,59.7218
4214.0,58.7308
4215.0,63.6652
4216.0,61.8066
4217.0,56.4897
4218.0,53.4057
4219.0,52.4739
4220.0,48.5
4221.0,57.0637
4222.0,54.0019
4223.0,46.59
4224.0,54.5066
4225.0,66.9246
4226.0,75.9657
4227.0,70.4144
4228.0,63.1934
4229.0,63.3335
4230.0,67.6008
4231.0,64.5089
4232.0,67.9807
4233.0,68.5935
4234.0,62.8709
4235.0,72.5006
4236.0,76.8182
4237.0,73.5006
4238.0,58.3991
4239.0,49.3003
4240.0,44.9747
4241.0,53.2693
4242.0,62.3042
4243.0,63.4596
4244.0,60.7868
4245.0,53.3166
4246.0,52.8548
4247.0,70.7423
4248.0,70.7654
4249.0,62.3939
4250.0,66.691
4251.0,87.0715
4252.0,84.5133
4253.0,63.2072
4254.0,47.2534
4255.0,48.8215
4256.0,48.8056
4257.0,46.7373
4258.0,49.2046
4259.0,50.9482
4260.0,52.3482
4261.0,51.5258
4262.0,49.4396
4263.0,48.0782
4264.0,50.8616
4265.0,47.1485
4266.0,57.2391
4267.0,55.5288
4268.0,43.5636
4269.0,42.5598
4270.0,46.2226
4271.0,45.9352
4272.0,51.1888
4273.0,67.6637
4274.0,78.8872
4275.0,80.5798
4276.0,104.9329
4277.0,106.8704
4278.0,96.3819
4279.0,111.9091
4280.0,120.6162
4281.0,121.5018
4282.0,127.1378
4283.0,118.2215
4284.0,117.2962
4285.0,130.3515
4286.0,135.556
4287.0,129.1266
4288.0,134.3195
4289.0,137.7957
4290.0,134.6079
4291.0,134.7575
4292.0,135.1621
4293.0,131.9878
4294.0,137.0784
4295.0,142.0043
4296.0,147.4724
4297.0,172.2228
4298.0,172.2228
4299.0,172.2228
4300.0,172.2228
4301.0,172.2228
4302.0,172.2228
4303.0,172.2228
4304.0,172.2228
4305.0,172.2228
4306.0,172.2228
4307.0,172.2228
4308.0,172.2228
4309.0,172.2228
4310.0,172.2228
4311.0,172.2228
4312.0,172.2228
4313.0,172.2228
4314.0,172.2228
4315.0,172.2228
4316.0,172.2228
4317.0,172.2228
4318.0,172.2228
4319.0,172.2228
4320.0,172.2228
4321.0,172.2228
4322.0,172.2228
4323.0,172.2228
4324.0,172.2228
4325.0,172.2228
4326.0,172.2228
4327.0,172.2228
4328.0,172.2228
4329.0,172.2228
4330.0,172.2228
4331.0,172.2228
4332.0,172.2228
